{"_step":2580,"validation/mse_loss":1.6405160205767435,"_wandb":{"runtime":526},"MSE loss":0.19263115525245667,"lr":1e-05,"_timestamp":1.7323493172493465e+09,"_runtime":526.755062443}